N,<C M Q1 Q2 Q3>,Output Image,Error
4,<1 1 1 1 2>,output_N4_C1_M1_1_1_2.png,20155030
4,<1 2 1 1 2>,output_N4_C1_M2_1_1_2.png,14938394
4,<2 1 1 1 2>,output_N4_C2_M1_1_1_2.png,37673808
4,<2 2 1 1 2>,output_N4_C2_M2_1_1_2.png,17735608
4,<1 1 1 2 1>,output_N4_C1_M1_1_2_1.png,19402808
4,<1 2 1 2 1>,output_N4_C1_M2_1_2_1.png,13748460
4,<2 1 1 2 1>,output_N4_C2_M1_1_2_1.png,30097763
4,<2 2 1 2 1>,output_N4_C2_M2_1_2_1.png,18231788
4,<1 1 2 1 1>,output_N4_C1_M1_2_1_1.png,19664322
4,<1 2 2 1 1>,output_N4_C1_M2_2_1_1.png,13460957
4,<2 1 2 1 1>,output_N4_C2_M1_2_1_1.png,34282550
4,<2 2 2 1 1>,output_N4_C2_M2_2_1_1.png,10893651
6,<1 1 1 1 4>,,16705026
6,<1 2 1 1 4>,,13179537
6,<2 1 1 1 4>,,38542781
6,<2 2 1 1 4>,,17732549
6,<1 1 1 2 3>,,13757406
6,<1 2 1 2 3>,,10690069
6,<2 1 1 2 3>,,27940521
6,<2 2 1 2 3>,,18242675
6,<1 1 1 3 2>,,13955956
6,<1 2 1 3 2>,,10012670
6,<2 1 1 3 2>,,25057632
6,<2 2 1 3 2>,,18223288
6,<1 1 1 4 1>,,16210078
6,<1 2 1 4 1>,,11048275
6,<2 1 1 4 1>,,26466177
6,<2 2 1 4 1>,,18240463
6,<1 1 2 1 3>,,14018920
6,<1 2 2 1 3>,,10402566
6,<2 1 2 1 3>,,34045089
6,<2 2 2 1 3>,,10482348
6,<1 1 2 2 2>,,12230628
6,<1 2 2 2 2>,,8559363
6,<2 1 2 2 2>,,20833777
6,<2 2 2 2 2>,,9683844
6,<1 1 2 3 1>,,13465248
6,<1 2 2 3 1>,,8535233
6,<2 1 2 3 1>,,13935624
6,<2 2 2 3 1>,,9815187
6,<1 1 3 1 2>,,14928880
6,<1 2 3 1 2>,,10412951
6,<2 1 3 1 2>,,35952885
6,<2 2 3 1 2>,,7074129
6,<1 1 3 2 1>,,14176658
6,<1 2 3 2 1>,,9223017
6,<2 1 3 2 1>,,18582731
6,<2 2 3 2 1>,,6297751
6,<1 1 4 1 1>,,17275616
6,<1 2 4 1 1>,,11537179
6,<2 1 4 1 1>,,34381150
6,<2 2 4 1 1>,,6919598
8,<1 1 1 1 6>,,15915842
8,<1 2 1 1 6>,,12723420
8,<2 1 1 1 6>,,38441056
8,<2 2 1 1 6>,,17728450
8,<1 1 1 2 5>,,12085312
8,<1 2 1 2 5>,,9830234
8,<2 1 1 2 5>,,27617235
8,<2 2 1 2 5>,,18223081
8,<1 1 1 3 4>,,10505952
8,<1 2 1 3 4>,,8253813
8,<2 1 1 3 4>,,25818193
8,<2 2 1 3 4>,,18228875
8,<1 1 1 4 3>,,10564676
8,<1 2 1 4 3>,,7989884
8,<2 1 1 4 3>,,24479381
8,<2 2 1 4 3>,,18247768
8,<1 1 1 5 2>,,12343920
8,<1 2 1 5 2>,,8780109
8,<2 1 1 5 2>,,23587849
8,<2 2 1 5 2>,,18195352
8,<1 1 1 6 1>,,15422758
8,<1 2 1 6 1>,,10419924
8,<2 1 1 6 1>,,26336565
8,<2 2 1 6 1>,,18200275
8,<1 1 2 1 5>,,12346826
8,<1 2 2 1 5>,,9542731
8,<2 1 2 1 5>,,33704299
8,<2 2 2 1 5>,,10455298
8,<1 1 2 2 4>,,8780624
8,<1 2 2 2 4>,,6800506
8,<2 1 2 2 4>,,18189315
8,<2 2 2 2 4>,,9595312
8,<1 1 2 3 3>,,7819846
8,<1 2 2 3 3>,,5476842
8,<2 1 2 3 3>,,13254404
8,<2 2 2 3 3>,,9411083
8,<1 1 2 4 2>,,9037898
8,<1 2 2 4 2>,,5859178
8,<2 1 2 4 2>,,15124300
8,<2 2 2 4 2>,,9424106
8,<1 1 2 5 1>,,11853212
8,<1 2 2 5 1>,,7302672
8,<2 1 2 5 1>,,13695015
8,<2 2 2 5 1>,,9741650
8,<1 1 3 1 4>,,11478876
8,<1 2 3 1 4>,,8654094
8,<2 1 3 1 4>,,32559907
8,<2 2 3 1 4>,,6675818
8,<1 1 3 2 3>,,8531256
8,<1 2 3 2 3>,,6164626
8,<2 1 3 2 3>,,16233225
8,<2 2 3 2 3>,,5316432
8,<1 1 3 3 2>,,8729806
8,<1 2 3 3 2>,,5487227
8,<2 1 3 3 2>,,12209011
8,<2 2 3 3 2>,,5270311
8,<1 1 3 4 1>,,10983928
8,<1 2 3 4 1>,,6522832
8,<2 1 3 4 1>,,10832099
8,<2 2 3 4 1>,,5794476
8,<1 1 4 1 3>,,11630214
8,<1 2 4 1 3>,,8478788
8,<2 1 4 1 3>,,32962294
8,<2 2 4 1 3>,,5405629
8,<1 1 4 2 2>,,9841922
8,<1 2 4 2 2>,,6635585
8,<2 1 4 2 2>,,18394099
8,<2 2 4 2 2>,,3982213
8,<1 1 4 3 1>,,11076542
8,<1 2 4 3 1>,,6611455
8,<2 1 4 3 1>,,10758700
8,<2 2 4 3 1>,,4486414
8,<1 1 5 1 2>,,13367756
8,<1 2 5 1 2>,,9322111
8,<2 1 5 1 2>,,35407154
8,<2 2 5 1 2>,,5558602
8,<1 1 5 2 1>,,12615534
8,<1 2 5 2 1>,,8132177
8,<2 1 5 2 1>,,17539613
8,<2 2 5 2 1>,,4657192
8,<1 1 6 1 1>,,16445124
8,<1 2 6 1 1>,,10986749
8,<2 1 6 1 1>,,34288223
8,<2 2 6 1 1>,,6624755
